student_id,study_hours_per_week,sleep_hours_per_night,exam_score
1,5.48,5.1,84.32
2,6.16,7.71,97.36
3,7.25,5.35,94.85
4,2.53,7.02,69.92
5,1.19,5.8,54.17
6,2.54,7.36,62.48
7,6.67,5.03,96.11
8,3.38,5.62,62.53
9,7.7,6.35,100
10,6.93,7.41,98.6
11,6.65,7.92,77.39
12,3.65,7.21,72.03
13,6.81,7.47,100
14,5.93,5.18,80.97
15,2.6,6.16,72.98
16,1.71,6.11,65.38
17,5.45,6.46,83.25
18,2.87,8.75,76.79
19,5.54,7.44,93.66
20,2.14,6.52,76.04
21,7.93,7.56,93.28
22,6.9,8.1,93.78
23,2.6,5.13,65.07
24,2.48,8.77,75.97
25,7.13,6.26,92.79
26,7.4,6.84,93.27
27,2.85,5.99,64.79
28,5.09,8.59,84.81
29,3.8,5.88,83.97
30,1.64,5.19,61.27
31,1.77,7.51,66.9
32,1.44,6.53,54.69
33,7.97,7.12,100
34,1.08,7.88,58.64
35,5.77,7.15,88.3
36,1.78,6.74,74.09
37,4.18,8.82,85.39
38,4.5,5.71,75.9
39,7.39,8.48,98.0
40,5.26,5.61,93.88
41,6.34,7.16,94.44
42,1.0,6.3,50.29
43,1.14,8.72,72.09
44,3.15,5.23,61.68
45,7.15,8.79,100
46,1.48,8.04,67.96
47,6.36,5.51,82.31
48,2.86,8.49,74.29
49,3.96,5.85,65.59
50,2.41,6.25,64.67
51,7.97,7.6,95.71
52,1.85,5.9,66.75
53,3.37,7.35,75.33
54,1.5,7.52,68.22
55,2.6,8.62,73.17
56,2.67,7.68,68.7
57,2.5,5.53,75.51
58,4.31,8.14,77.9
59,6.65,5.76,99.24
60,3.97,6.87,82.11
61,6.1,7.69,95.22
62,3.82,6.36,76.0
63,7.03,5.99,98.58
64,3.95,6.11,83.93
65,2.75,8.69,59.44
66,4.85,5.2,86.18
67,7.99,8.34,100
68,6.94,5.67,91.74
69,4.4,5.85,77.32
70,3.65,8.94,79.78
71,2.86,8.14,65.45
72,7.7,8.98,100
73,4.89,7.87,88.07
74,7.78,7.32,100
75,4.8,7.99,93.03
76,4.52,8.41,86.38
77,2.1,8.84,72.56
78,5.17,7.7,88.46
79,2.65,5.48,72.07
80,5.16,7.48,82.62
81,3.93,7.33,61.98
82,2.43,7.86,67.17
83,2.67,6.58,66.66
84,3.21,8.01,69.3
85,1.51,6.83,85.87
86,1.51,5.85,61.16
87,2.86,8.73,83.75
88,3.59,5.63,64.22
89,6.84,7.81,80.99
90,5.58,5.03,72.29
91,6.72,6.2,85.53
92,1.94,5.46,49.42
93,1.75,7.21,63.17
94,6.02,5.81,98.74
95,5.44,6.06,70.84
96,6.92,5.37,95.44
97,3.97,6.11,88.96
98,5.46,6.05,86.38
99,6.19,7.21,91.15
100,1.53,8.53,65.15
